{
	"info": {
		"_postman_id": "a28050fb-9b24-4622-bd79-b3951186023e",
		"name": "AC2",
		"schema": "https://schema.getpostman.com/json/collection/v2.1.0/collection.json",
		"_exporter_id": "15882747"
	},
	"item": [
		{
			"name": "Professor",
			"item": [
				{
					"name": "Criar Professor",
					"request": {
						"method": "POST",
						"header": [],
						"body": {
							"mode": "raw",
							"raw": "{\r\n  \"id\": 0,\r\n  \"nome\": \"João Silva\",\r\n  \"cpf\": \"123.456.789-00\",\r\n  \"rg\": \"MG-12.345.678\",\r\n  \"endereco\": \"Rua das Flores, 123, Bairro Jardim, Cidade Exemplo, Estado EX\",\r\n  \"celular\": \"(11) 91234-5678\"\r\n}\r\n",
							"options": {
								"raw": {
									"language": "json"
								}
							}
						},
						"url": {
							"raw": "http://localhost:8081/professor",
							"protocol": "http",
							"host": [
								"localhost"
							],
							"port": "8081",
							"path": [
								"professor"
							]
						}
					},
					"response": []
				},
				{
					"name": "Obter Por Id",
					"request": {
						"method": "GET",
						"header": [],
						"url": {
							"raw": "http://localhost:8081/professor/1",
							"protocol": "http",
							"host": [
								"localhost"
							],
							"port": "8081",
							"path": [
								"professor",
								"1"
							]
						}
					},
					"response": []
				},
				{
					"name": "Listar Todos",
					"request": {
						"method": "GET",
						"header": [],
						"url": {
							"raw": "http://localhost:8081/professor",
							"protocol": "http",
							"host": [
								"localhost"
							],
							"port": "8081",
							"path": [
								"professor"
							]
						}
					},
					"response": []
				},
				{
					"name": "Atualizar cadastro",
					"request": {
						"method": "PUT",
						"header": [],
						"body": {
							"mode": "raw",
							"raw": "{\r\n  \"id\": 1,\r\n  \"nome\": \"João Silvçlçlplplpa\",\r\n  \"cpf\": \"123.456.789-00\",\r\n  \"rg\": \"MG-12.345.678\",\r\n  \"endereco\": \"Rua das Flores, 123, Bairro Jardim, Cidade Exemplo, Estado EX\",\r\n  \"celular\": \"(11) 91234-5678\"\r\n}\r\n",
							"options": {
								"raw": {
									"language": "json"
								}
							}
						},
						"url": {
							"raw": "http://localhost:8081/professor",
							"protocol": "http",
							"host": [
								"localhost"
							],
							"port": "8081",
							"path": [
								"professor"
							]
						}
					},
					"response": []
				},
				{
					"name": "Apagar Professor",
					"request": {
						"method": "DELETE",
						"header": [],
						"url": {
							"raw": "http://localhost:8081/professor/1",
							"protocol": "http",
							"host": [
								"localhost"
							],
							"port": "8081",
							"path": [
								"professor",
								"1"
							]
						}
					},
					"response": []
				},
				{
					"name": "Obter Agenda",
					"request": {
						"method": "GET",
						"header": [],
						"url": {
							"raw": "http://localhost:8081/professor/agenda/2",
							"protocol": "http",
							"host": [
								"localhost"
							],
							"port": "8081",
							"path": [
								"professor",
								"agenda",
								"2"
							]
						}
					},
					"response": []
				}
			]
		},
		{
			"name": "Curso",
			"item": [
				{
					"name": "Criar Curso",
					"request": {
						"method": "POST",
						"header": [],
						"body": {
							"mode": "raw",
							"raw": "{\r\n  \"id\": 1,\r\n  \"descricao\": \"Curso de Programação Java\",\r\n  \"cargaHoraria\": 40.0,\r\n  \"objetivos\": \"Ensinar os fundamentos da programação Java.\",\r\n  \"ementa\": \"Introdução ao Java, Estruturas de Controle, Orientação a Objetos, API's Java.\",\r\n  \"professores\": [\r\n    {\r\n      \"id\": 1,\r\n      \"nome\": \"João da Silva\",\r\n      \"cpf\": \"123.456.789-00\",\r\n      \"rg\": \"12.345.678-9\",\r\n      \"endereco\": \"Rua A, 123, Cidade B\",\r\n      \"celular\": \"(11) 91234-5678\"\r\n    },\r\n    {\r\n      \"id\": 2,\r\n      \"nome\": \"Maria Oliveira\",\r\n      \"cpf\": \"987.654.321-00\",\r\n      \"rg\": \"98.765.432-1\",\r\n      \"endereco\": \"Avenida X, 456, Cidade Y\",\r\n      \"celular\": \"(21) 98765-4321\"\r\n    }\r\n  ]\r\n}\r\n",
							"options": {
								"raw": {
									"language": "json"
								}
							}
						},
						"url": {
							"raw": "http://localhost:8081/curso",
							"protocol": "http",
							"host": [
								"localhost"
							],
							"port": "8081",
							"path": [
								"curso"
							]
						}
					},
					"response": []
				},
				{
					"name": "Listar todos",
					"request": {
						"method": "GET",
						"header": [],
						"url": {
							"raw": "http://localhost:8081/curso",
							"protocol": "http",
							"host": [
								"localhost"
							],
							"port": "8081",
							"path": [
								"curso"
							]
						}
					},
					"response": []
				},
				{
					"name": "Lista por ID",
					"request": {
						"method": "GET",
						"header": []
					},
					"response": []
				},
				{
					"name": "Apagar",
					"request": {
						"method": "DELETE",
						"header": [],
						"url": {
							"raw": "http://localhost:8081/curso/1",
							"protocol": "http",
							"host": [
								"localhost"
							],
							"port": "8081",
							"path": [
								"curso",
								"1"
							]
						}
					},
					"response": []
				},
				{
					"name": "Atualizar",
					"request": {
						"method": "PUT",
						"header": [],
						"body": {
							"mode": "raw",
							"raw": "{\r\n  \"id\": 1,\r\n  \"descricao\": \"Curso de Programação Java\",\r\n  \"cargaHoraria\": 80.0,\r\n  \"objetivos\": \"Ensinar os fundamentos da programação Java.\",\r\n  \"ementa\": \"Introdução ao Java, Estruturas de Controle, Orientação a Objetos, API's Java.\",\r\n  \"professores\": [\r\n    {\r\n      \"id\": 2,\r\n      \"nome\": \"Maria Oliveira\",\r\n      \"cpf\": \"987.654.321-00\",\r\n      \"rg\": \"98.765.432-1\",\r\n      \"endereco\": \"Avenida X, 456, Cidade Y\",\r\n      \"celular\": \"(21) 98765-4321\"\r\n    }\r\n  ]\r\n}\r\n",
							"options": {
								"raw": {
									"language": "json"
								}
							}
						},
						"url": {
							"raw": "http://localhost:8081/curso",
							"protocol": "http",
							"host": [
								"localhost"
							],
							"port": "8081",
							"path": [
								"curso"
							]
						}
					},
					"response": []
				},
				{
					"name": "Obter especialização",
					"request": {
						"method": "GET",
						"header": [],
						"url": {
							"raw": "http://localhost:8081/curso/curso-professor/1",
							"protocol": "http",
							"host": [
								"localhost"
							],
							"port": "8081",
							"path": [
								"curso",
								"curso-professor",
								"1"
							]
						}
					},
					"response": []
				}
			]
		},
		{
			"name": "Agenda",
			"item": [
				{
					"name": "Criar Agenda",
					"request": {
						"method": "POST",
						"header": [],
						"body": {
							"mode": "raw",
							"raw": "{\r\n  \"id\": 0,\r\n  \"dataInicio\": \"2024-05-21T00:00:00\",\r\n  \"dataFinal\": \"2024-06-20T23:59:59\",\r\n  \"cidade\": \"São Paulo\",\r\n  \"estado\": \"SP\",\r\n  \"cep\": \"01000-000\",\r\n  \"treinamento\": \"Desenvolvimento Web com JavaScript\",\r\n  \"professores_id\": 2,\r\n  \"curso_id\": 1\r\n}\r\n",
							"options": {
								"raw": {
									"language": "json"
								}
							}
						},
						"url": {
							"raw": "http://localhost:8081/agenda",
							"protocol": "http",
							"host": [
								"localhost"
							],
							"port": "8081",
							"path": [
								"agenda"
							]
						}
					},
					"response": []
				},
				{
					"name": "Atualizar",
					"request": {
						"method": "PUT",
						"header": [],
						"body": {
							"mode": "raw",
							"raw": "{\r\n  \"id\": 1,\r\n  \"dataInicio\": \"2024-05-21T00:00:00\",\r\n  \"dataFinal\": \"2024-06-20T23:59:59\",\r\n  \"cidade\": \"São Paulo\",\r\n  \"estado\": \"SP\",\r\n  \"cep\": \"01000-000\",\r\n  \"treinamento\": \"Desenvolvimento Web com JavaScript\",\r\n  \"professores_id\": 1,\r\n  \"curso_id\": 1\r\n}\r\n",
							"options": {
								"raw": {
									"language": "json"
								}
							}
						},
						"url": {
							"raw": "http://localhost:8081/agenda",
							"protocol": "http",
							"host": [
								"localhost"
							],
							"port": "8081",
							"path": [
								"agenda"
							]
						}
					},
					"response": []
				},
				{
					"name": "Listar todos",
					"request": {
						"method": "GET",
						"header": [],
						"url": {
							"raw": "http://localhost:8081/agenda",
							"protocol": "http",
							"host": [
								"localhost"
							],
							"port": "8081",
							"path": [
								"agenda"
							]
						}
					},
					"response": []
				},
				{
					"name": "Treinamento",
					"request": {
						"method": "PATCH",
						"header": [],
						"body": {
							"mode": "raw",
							"raw": "{\r\n    \"id\": 1,\r\n    \"treinamento\": \"Teste da API\"\r\n}",
							"options": {
								"raw": {
									"language": "json"
								}
							}
						},
						"url": {
							"raw": "http://localhost:8081/agenda",
							"protocol": "http",
							"host": [
								"localhost"
							],
							"port": "8081",
							"path": [
								"agenda"
							]
						}
					},
					"response": []
				},
				{
					"name": "Por ID",
					"request": {
						"method": "GET",
						"header": [],
						"url": {
							"raw": "http://localhost:8081/agenda/2",
							"protocol": "http",
							"host": [
								"localhost"
							],
							"port": "8081",
							"path": [
								"agenda",
								"2"
							]
						}
					},
					"response": []
				},
				{
					"name": "Apagar",
					"request": {
						"method": "DELETE",
						"header": [],
						"url": {
							"raw": "http://localhost:8081/agenda/1",
							"protocol": "http",
							"host": [
								"localhost"
							],
							"port": "8081",
							"path": [
								"agenda",
								"1"
							]
						}
					},
					"response": []
				}
			]
		}
	]
}